anzahl,vorname,geschlecht
74,Marie,w
58,Sophie,w
40,Paul,m
38,Maria,w
34,Katharina,w
32,Jakob,m
32,Emilia,w
31,Maximilian,m
30,Alexander,m
28,Mia,w
25,Ben,m
25,Noah,m
25,Emma,w
22,David,m
22,Felix,m
22,Anna,w
22,Leo,m
21,Clara,w
21,Julian,m
21,Leon,m
20,Johanna,w
20,Benjamin,m
19,Lena,w
19,Mila,w
19,Max,m
19,Sophia,w
18,Charlotte,w
17,Anton,m
17,Elias,m
17,Emil,m
16,Greta,w
16,Jonas,m
16,Leonard,m
16,Luca,m
16,Samuel,m
15,Elisabeth,w
15,Lea,w
15,Lina,w
15,Nele,w
15,Jan,m
14,Henry,m
13,Antonia,w
13,Elisa,w
13,Ella,w
13,Finn,m
13,Gabriel,m
13,Jonathan,m
13,Julius,m
13,Karl,m
13,Luis,m
13,Niklas,m
13,Valentin,m
12,Luisa,w
12,Adrian,m
12,Christian,m
12,Johannes,m
12,Liam,m
12,Moritz,m
12,Philipp,m
11,Frieda,w
11,Leni,w
11,Louisa,w
11,Maya,w
11,Sofia,w
11,Johann,m
11,Linus,m
11,Lukas,m
11,Mats,m
11,Simon,m
11,Tim,m
10,Ida,w
10,Jana,w
10,Jule,w
10,Leonie,w
10,Sarah,w
10,Theo,m
10,Tom,m
9,Emily,w
9,Hannah,w
9,Helena,w
9,Lara,w
9,Lotta,w
9,Lucia,w
9,Marlene,w
9,Fabian,m
9,Fynn,m
9,Henri,m
9,Levi,m
9,Louis,m
9,Mika,m
9,Milan,m
9,Vincent,m
8,Amelie,w
8,Eva,w
8,Frida,w
8,Julia,w
8,Lia,w
8,Luise,w
8,Luna,w
8,Mathilda,w
8,Adam,m
8,Hugo,m
8,Joel,m
8,Josef,m
8,Joshua,m
8,Justus,m
8,Konstantin,m
8,Malik,m
7,Alina,w
7,Ava,w
7,Franziska,w
7,Josephine,w
7,Laura,w
7,Magdalena,w
7,Nora,w
7,Paula,w
7,Ali,m
7,Erik,m
7,Frederik,m
7,Georg,m
7,Jonah,m
7,Nick,m
7,Ole,m
7,Oskar,m
7,Robin,m
7,Sebastian,m
7,Tobias,m
6,Amina,w
6,Carla,w
6,Elsa,w
6,Isabella,w
6,Klara,w
6,Lilly,w
6,Matilda,w
6,Mira,w
6,Nina,w
6,Nur,w
6,Olivia,w
6,Rosa,w
6,Valentina,w
6,Victoria,w
6,Viktoria,w
6,Aaron,m
6,Zehra,w
6,Arthur,m
6,Emilio,m
6,Ferdinand,m
6,Fritz,m
6,Lasse,m
6,Martin,m
6,Timo,m
5,Amélie,w
5,Elina,w
5,Jolie,w
5,Josefine,w
5,Juna,w
5,Lilli,w
5,Lisa,w
5,Benedikt,m
5,Mara,w
5,Bruno,m
5,Michelle,w
5,Carl,m
5,Milena,w
5,Constantin,m
5,Mona,w
5,Daniel,m
5,Romy,w
5,Elyas,m
5,Ronja,w
5,Ilyas,m
5,Rosalie,w
5,Jamal,m
5,Sara,w
5,Johan,m
5,Tilda,w
5,Leopold,m
5,Zoe,w
5,Luan,m
5,Luke,m
5,Lutz,m
5,Matthias,m
5,Matti,m
5,Mattis,m
5,Michael,m
5,Miran,m
5,Nils,m
5,Oliver,m
5,Peter,m
5,Sami,m
4,Adriana,w
4,Amira,w
4,Aylin,w
4,Carlotta,w
4,Celine,w
4,Christine,w
4,Dilara,w
4,Edda,w
4,Elena,w
4,Elif,w
4,Elin,w
4,Evelyn,w
4,Anas,m
4,Fiona,w
4,Can,m
4,Hanna,w
4,Clemens,m
4,Henriette,w
4,Colin,m
4,Isabel,w
4,Dennis,m
4,Karla,w
4,Emir,m
4,Leandra,w
4,Emmanuel,m
4,Linda,w
4,Eric,m
4,Liv,w
4,Florian,m
4,Lotte,w
4,Heinrich,m
4,Louise,w
4,Henrik,m
4,Maja,w
4,Ian,m
4,Marta,w
4,Ibrahim,m
4,Mayla,w
4,Ismail,m
4,Melina,w
4,Jasper,m
4,Mina,w
4,Jona,m
4,Pauline,w
4,Kai,m
4,Pia,w
4,Kilian,m
4,Sofie,w
4,Laurenz,m
4,Lennard,m
4,Levin,m
4,Luka,m
4,Malte,m
4,Maria,m
4,Marlon,m
4,Noel,m
4,Omar,m
4,Phil,m
4,Raphael,m
4,Robert,m
4,Roland,m
4,Thiago,m
4,Thomas,m
4,Willi,m
3,Alara,w
3,Alexa,w
3,Alexandra,w
3,Amalia,w
3,Anastasia,w
3,Andrea,w
3,Annabelle,w
3,Annie,w
3,Barbara,w
3,Celina,w
3,Christina,w
3,Doris,w
3,Emely,w
3,Emilie,w
3,Esma,w
3,Fabienne,w
3,Ahmed,m
3,Fritzi,w
3,Ahmet,m
3,Giulia,w
3,Alan,m
3,Grace,w
3,Alessio,m
3,Havin,w
3,Alexandru,m
3,Helen,w
3,Artur,m
3,Helene,w
3,Chris,m
3,Irene,w
3,Denis,m
3,Isabelle,w
3,Emilian,m
3,Jasmin,w
3,Ensar,m
3,Joline,w
3,Eymen,m
3,Juliane,w
3,Filip,m
3,Karlotta,w
3,Georgios,m
3,Kiara,w
3,Gerhard,m
3,Liliana,w
3,Herbert,m
3,Liya,w
3,Ilias,m
3,Liz,w
3,Jannis,m
3,Lucie,w
3,Janosch,m
3,Luzia,w
3,Jon,m
3,Mai,w
3,Julien,m
3,Marit,w
3,Juri,m
3,Merle,w
3,Lars,m
3,Nadja,w
3,Leander,m
3,Ruth,w
3,Lenny,m
3,Samira,w
3,Leonhard,m
3,Teresa,w
3,Lian,m
3,Ulrike,w
3,Lias,m
3,Yara,w
3,Marcel,m
3,Yaren,w
3,Mathias,m
3,Ylva,w
3,Matteo,m
3,Zahra,w
3,Maxim,m
3,Zeynep,w
3,Milo,m
3,Zümra,w
3,Minh,m
3,Mustafa,m
3,Neo,m
3,Nikolaus,m
3,Oscar,m
3,Pepe,m
3,Richard,m
3,Teoman,m
3,Till,m
3,Titus,m
3,Toni,m
3,Wilhelm,m
3,William,m
3,Yann,m
2,Ada,w
2,Adelina,w
2,Agnes,w
2,Alice,w
2,Alissa,w
2,Amelia,w
2,Amy,w
2,Ana,w
2,Angelina,w
2,Anh,w
2,Annalena,w
2,Anne,w
2,Anni,w
2,Anouk,w
2,Aamir,m
2,Ariane,w
2,Ahmad,m
2,Arin,w
2,Aiden,m
2,Arina,w
2,Alejandro,m
2,Asmin,w
2,Aleksander,m
2,Aurelia,w
2,Alen,m
2,Ayşe,w
2,Amin,m
2,Bella,w
2,André,m
2,Brigitte,w
2,Anthony,m
2,Carolin,w
2,Ari,m
2,Carolina,w
2,Arne,m
2,Caroline,w
2,Ayaz,m
2,Christiane,w
2,Benno,m
2,Daria,w
2,Benyamin,m
2,Defne,w
2,Bernd,m
2,Ela,w
2,Bilal,m
2,Eline,w
2,Bjarne,m
2,Elise,w
2,Bo,m
2,Emine,w
2,Brice,m
2,Emmy,w
2,Carlo,m
2,Enni,w
2,Caspar,m
2,Erika,w
2,Damon,m
2,Esila,w
2,Deniz,m
2,Evin,w
2,Diego,m
2,Ewa,w
2,Dylan,m
2,Fatima,w
2,Eden,m
2,Felicia,w
2,Eduardo,m
2,Finja,w
2,Eghosa,m
2,Florentine,w
2,Elia,m
2,Gabriele,w
2,Elie,m
2,Ghislaine,w
2,Emin,m
2,Hafsa,w
2,Frederick,m
2,Hana,w
2,Friedrich,m
2,Henrike,w
2,Gino,m
2,Hermine,w
2,Günter,m
2,Hilda,w
2,Hannes,m
2,Inara,w
2,Hartmut,m
2,Ines,w
2,Hasan,m
2,Iris,w
2,Hendrik,m
2,Isabela,w
2,Henning,m
2,Isabell,w
2,Hubert,m
2,Iva,w
2,Hüseyin,m
2,Jeanne,w
2,Ilai,m
2,Jette,w
2,Ilian,m
2,Joana,w
2,Ilja,m
2,Jolien,w
2,Ioannis,m
2,Jolina,w
2,Isaac,m
2,Jon,w
2,Jacob,m
2,Judith,w
2,Jad,m
2,Julie,w
2,James,m
2,Juno,w
2,Jaro,m
2,Jutta,w
2,Jaron,m
2,Layla,w
2,Jason,m
2,Leah,w
2,Jay,m
2,Liah,w
2,Jim,m
2,Lilia,w
2,Jochen,m
2,Lilian,w
2,Joko,m
2,Linh,w
2,Joscha,m
2,Lisann,w
2,Joschua,m
2,Livia,w
2,Joseph,m
2,Lou,w
2,Jost,m
2,Lynn,w
2,Kaan,m
2,Madita,w
2,Kerim,m
2,Malea,w
2,Kevin,m
2,Malou,w
2,Kian,m
2,Margareta,w
2,Kiyan,m
2,Mari,w
2,Konstantinos,m
2,Mariam,w
2,Krzysztof,m
2,Mariella,w
2,Kurt,m
2,Marla,w
2,Kuzey,m
2,Marleen,w
2,Leevi,m
2,Martha,w
2,Leif,m
2,Maryam,w
2,Leonardo,m
2,Meryem,w
2,Li,m
2,Milla,w
2,Lio,m
2,Miray,w
2,Lion,m
2,Monika,w
2,Lorenz,m
2,Nadine,w
2,Lucas,m
2,Nefeli,w
2,Ludwig,m
2,Nelli,w
2,Manfred,m
2,Nour,w
2,Marcin,m
2,Noémie,w
2,Marian,m
2,Patrizia,w
2,Marius,m
2,Paulina,w
2,Marvellous,m
2,Rebecca,w
2,Mateo,m
2,Sare,w
2,Merlin,m
2,Selin,w
2,Michel,m
2,Shanaya,w
2,Mio,m
2,Shirin,w
2,Mohamed,m
2,Sidney,w
2,Mohammad,m
2,Solveig,w
2,Muhammad,m
2,Stella,w
2,Musa,m
2,Svea,w
2,Naim,m
2,Theresa,w
2,Nico,m
2,Theresia,w
2,Nicolas,m
2,Ursula,w
2,Niko,m
2,Valerie,w
2,Olaf,m
2,Vera,w
2,Onur,m
2,Victory,w
2,Osman,m
2,Yaa,w
2,Philip,m
2,Yagmur,w
2,Prosper,m
2,Yvonne,w
2,Radoslav,m
2,Zara,w
2,Rayan,m
2,Zelal,w
2,René,m
2,Zita,w
2,Ricardo,m
2,Zoé,w
2,Roman,m
2,Said,m
2,Sam,m
2,Selim,m
2,Seyit,m
2,Steven,m
2,Tarek,m
2,Theodor,m
2,Thorben,m
2,Tiago,m
2,Walid,m
2,Walter,m
2,Yahya,m
2,Yanis,m
2,Yannick,m
2,Yasin,m
2,Yassin,m
2,Younes,m
2,Yusuf,m
2,Zain,m
1,Abbey,w
1,Abdelraouf,w
1,Abdullah,w
1,Abebi,w
1,Abeer,w
1,Abubaker,w
1,Adelheid,w
1,Adrina,w
1,Aigbokhae,w
1,Aimee,w
1,Aisle,w
1,Aissata,w
1,Aiza,w
1,Ajna,w
1,Akosua,w
1,Alaa,w
1,Alannah,w
1,Alba,w
1,Aldaja,w
1,Alea,w
1,(ist,m
1,Aleah,w
1,Aarnav,m
1,Alenova,w
1,Aaron-Emmanuel,m
1,Alesandra,w
1,Abbas,m
1,Alessa,w
1,Abd,m
1,Alessandra,w
1,Abdelkader,m
1,Alexandrovna,w
1,Abdou,m
1,Alexia,w
1,Abdoulhadi,m
1,Alexis,w
1,Abdullah,m
1,Alexya,w
1,Abdulmalik,m
1,Aleyna,w
1,Abdur-Rahman,m
1,Aliena,w
1,Abdurrahman,m
1,Alisa,w
1,Adem,m
1,Alizée,w
1,Adil,m
1,Almasa,w
1,Adin,m
1,Alwine,w
1,Aidan,m
1,Amaia,w
1,Aiman,m
1,Amal,w
1,Aimuamwonsa,m
1,Amayah,w
1,Aiwuyor,m
1,Amea,w
1,Akanni,m
1,Amin,w
1,Alaziz,m
1,Aminah,w
1,Aleksiev,m
1,Amonbekovna,w
1,Alenas,m
1,Amália,w
1,Alex,m
1,An,w
1,Alexadar,m
1,Anais-Makiese,w
1,Alexander-Maximilian,m
1,Anastassija,w
1,Alexandros,m
1,Anaëlle,w
1,Aloïs,m
1,Anaïs,w
1,Alp,m
1,Andia,w
1,Alva,m
1,Andra,w
1,Alî,m
1,Anemone,w
1,Amadeus,m
1,Angela,w
1,Amilio,m
1,Anisa,w
1,Amir,m
1,Ann-Kristin,w
1,Amiran,m
1,Anna-Amália,w
1,Amoabeng,m
1,Annabell,w
1,Amon,m
1,Annegret,w
1,Amory,m
1,Annelie,w
1,Amr,m
1,Annemarie,w
1,Amraz,m
1,Annerose,w
1,Andreas,m
1,Annika,w
1,Andrei,m
1,Anny,w
1,Andres,m
1,Antonelia,w
1,Angelo,m
1,Antonia-Anays,w
1,Angelos,m
1,Anyadwe,w
1,Anh,m
1,April,w
1,Aniss,m
1,Arama,w
1,Anjaneya,m
1,Ariana,w
1,Anouar,m
1,Arifka,w
1,Ante,m
1,Arlena,w
1,Antonin,m
1,Armine,w
1,Antonio-Jamil,m
1,Artina,w
1,Antonín,m
1,Arya,w
1,Aras,m
1,Asiya,w
1,Arda,m
1,Assya,w
1,Ardıl,m
1,Astrid,w
1,Ardit,m
1,Aurora,w
1,Arian,m
1,Aurélie,w
1,Arkadius,m
1,Avi-Malaika,w
1,Armando,m
1,Ayla,w
1,Armin,m
1,Aynur,w
1,Arn,m
1,Azra,w
1,Artan,m
1,Bahar,w
1,Artin,m
1,Bander,w
1,Artöm,m
1,Banidele,w
1,Arvid,m
1,Bao,w
1,Arwin,m
1,Barnie,w
1,Asawin,m
1,Bea,w
1,Atanas,m
1,Beata,w
1,Atlas,m
1,Belinay,w
1,Aubin,m
1,Berfin,w
1,Augusto,m
1,Beritan,w
1,Aurel,m
1,Berna,w
1,Aurelio,m
1,Bernadette,w
1,Ayaan,m
1,Bernice,w
1,Ayan,m
1,Bettina,w
1,Ayomikun,m
1,Beyza,w
1,Ayoub,m
1,Blanca,w
1,Azad,m
1,Büşra,w
1,Bachmann,m
1,Camille,w
1,Badibanayi,m
1,Cara,w
1,Bahattin,m
1,Carina,w
1,Ban,m
1,Carmen,w
1,Bara,m
1,Carola,w
1,Baran,m
1,Cataleya,w
1,Beau,m
1,Cathy,w
1,Behrouz,m
1,Caya,w
1,Bela,m
1,Cecilia,w
1,Benne,m
1,Celin,w
1,Bennet,m
1,Chanya,w
1,Bennett,m
1,Chau,w
1,Berat,m
1,Chelsea,w
1,Bernhard,m
1,Chessy,w
1,Bharat,m
1,Chiara,w
1,Bin,m
1,Chinenye,w
1,Björn,m
1,Chloe,w
1,Bobby,m
1,Christa,w
1,Boris,m
1,Christiana,w
1,Boutros,m
1,Clara-Maria,w
1,Brandon,m
1,Cleo,w
1,Burak,m
1,Cleodaisy-Nzanzu,w
1,Béla,m
1,Conny,w
1,Caius,m
1,Constanze,w
1,Carl-Johann,m
1,Corinna,w
1,Carlos,m
1,Cosima,w
1,Carolus,m
1,Cristiana,w
1,Casper,m
1,Célestine,w
1,Cassian,m
1,Dagmar,w
1,Cavit,m
1,Daliha,w
1,Cemil,m
1,Damaris,w
1,Cephas,m
1,Dana,w
1,Cesar,m
1,Danai,w
1,Cesarino,m
1,Dania,w
1,Charalampos,m
1,Daniela,w
1,Charles,m
1,Danielle,w
1,Chidera,m
1,Dayana,w
1,Chikamso,m
1,Debby,w
1,Chinkumbi,m
1,Debora,w
1,Cihan,m
1,Deborah,w
1,Claudio,m
1,Delal,w
1,Collin,m
1,Delia,w
1,Connen,m
1,Denisa,w
1,Connor,m
1,Derin,w
1,Crocodile,m
1,Devrim,w
1,Cédric,m
1,Diana-Viktoria,w
1,Damian,m
1,Dibo,w
1,Damir,m
1,Dielona,w
1,Dane,m
1,Dilan,w
1,Danil,m
1,Dilay,w
1,Danislav,m
1,Dilek,w
1,Darian,m
1,Dima,w
1,das,m
1,Dinoja,w
1,Dave,m
1,Divine,w
1,Davin,m
1,Dora,w
1,Dawid,m
1,Dunja,w
1,Dawin,m
1,Dunya,w
1,Demo,m
1,Duru,w
1,Denisovič,m
1,Duygu,w
1,der,m
1,Dyeunice,w
1,Devon,m
1,Dzana,w
1,Devran,m
1,Ebrar,w
1,Dewrim,m
1,Ecrin,w
1,Diamant,m
1,Edanur,w
1,Dibala,m
1,Eddiana,w
1,Diell,m
1,Eden,w
1,Dieter,m
1,Eden-Grace,w
1,Dietmar,m
1,Edith,w
1,Dietrich,m
1,Eef,w
1,Dirk,m
1,Eefke,w
1,Dobromirov,m
1,Ekaterini,w
1,Dominik,m
1,El,w
1,Domán,m
1,Elaine,w
1,Doruk,m
1,Eleen,w
1,Dritan,m
1,Elfi,w
1,Dumitru,m
1,Elies,w
1,Dwayne,m
1,Elis,w
1,Edgar,m
1,Eliz,w
1,Edin,m
1,Eliza,w
1,Eduard,m
1,Elizabeta,w
1,Edwin,m
1,Elizabeth,w
1,Eleasar,m
1,Elizan,w
1,Eli,m
1,Ellen,w
1,Eliah,m
1,Elli,w
1,Elian,m
1,Ellijana,w
1,Eliyas,m
1,Elmedina,w
1,Elly,m
1,Eloghosa,w
1,Eloan,m
1,Elyon,w
1,Elyes,m
1,Emelie,w
1,Emanuel,m
1,Emely-Sophie,w
1,Emerick,m
1,Emelyn,w
1,Emiliano,m
1,Emilova,w
1,Emilien,m
1,Emmanuella,w
1,Emilijan,m
1,Emylia,w
1,Emran-İsmail,m
1,Ena,w
1,Emre,m
1,Eni,w
1,Enes,m
1,Enida,w
1,Enno,m
1,Enie,w
1,Enrico,m
1,Enna,w
1,Ensio,m
1,Ericka-Yema,w
1,Enzo,m
1,Erin-Elisabeth,w
1,Eo,m
1,Erina,w
1,Eredzhebov,m
1,Erza,w
1,Eren,m
1,Erzsébet,w
1,Ernst,m
1,Eslem,w
1,Ersan,m
1,Esmagül,w
1,Ervin,m
1,Esmay,w
1,Erwin,m
1,Esohe,w
1,Etinosa,m
1,Esohel,w
1,Eugen,m
1,Esosa,w
1,Eugène,m
1,Esra,w
1,Evan,m
1,Estella,w
1,Ewald,m
1,Estelle,w
1,Eyan,m
1,Esther,w
1,Eyk,m
1,Eunice,w
1,Eze,m
1,Ezana,w
1,Faisal,m
1,Fabia,w
1,Farid,m
1,Fajola,w
1,Fatih,m
1,Fanny,w
1,Feivel,m
1,Farina,w
1,Fekret,m
1,Favour,w
1,Ferdi,m
1,Fay,w
1,Fernando,m
1,Faya,w
1,Ferry,m
1,Faïna,w
1,Fitz,m
1,Fedek,w
1,Florentin,m
1,Fee-Sophie,w
1,Florin,m
1,Feli,w
1,Flynn,m
1,Felina,w
1,Francisco,m
1,Feline,w
1,Franjo,m
1,Femke,w
1,Frank,m
1,Fenia,w
1,Franz,m
1,Fenja,w
1,Franz-Josef,m
1,Filippa,w
1,Franz-Joseph,m
1,Flavia,w
1,Frederico,m
1,Fleur,w
1,Fredi,m
1,Franka,w
1,Fridolin,m
1,Frederike,w
1,Frédéric,m
1,Freya,w
1,Fynn-Noel,m
1,Furaha,w
1,Gabriil,m
1,Fynn,w
1,Gael,m
1,Garnette,w
1,Gandalf,m
1,Gemma,w
1,George,m
1,Georgie,w
1,Georges,m
1,Gisela,w
1,Gereon,m
1,Gizem,w
1,Gerrit,m
1,Gracious,w
1,Giovanni,m
1,Greta-Marie,w
1,Giuliano,m
1,Grete,w
1,Giulio,m
1,Gwendolin,w
1,Godspower,m
1,Gül,w
1,Godwin,m
1,Güler,w
1,Gracjan,m
1,Ha-Eun,w
1,Gregor,m
1,Hafida,w
1,Grigore,m
1,Hailey,w
1,Gunbilig,m
1,Halime,w
1,Gursev,m
1,Hatice,w
1,Gustaaf,m
1,Hatun,w
1,Gustav,m
1,Hauraa,w
1,Guyano,m
1,Havva,w
1,Gökay,m
1,Hedya,w
1,Haci,m
1,Helin,w
1,Hadi,m
1,Hella,w
1,Hadji-Murat,m
1,Henrietta,w
1,Hakan,m
1,Hewan,w
1,Hamane,m
1,Hifa,w
1,Hamza,m
1,Hilde,w
1,Hanno,m
1,Hilla,w
1,Haroun,m
1,Hope,w
1,Harun,m
1,Hrida,w
1,Haruna,m
1,Hyun-Ha,w
1,Hashim,m
1,Hümeyra,w
1,Heiner,m
1,Idil,w
1,Henk,m
1,Ilaf,w
1,Hennes,m
1,Ilana,w
1,Hermann,m
1,Ilarija,w
1,Hodayfa,m
1,Ilaw,w
1,Holger,m
1,Ilayah,w
1,Horst,m
1,Ilayda,w
1,Howard,m
1,İlayda,w
1,Hristo,m
1,Iliana,w
1,Hussein,m
1,Ilieva,w
1,Idris,m
1,Ilina,w
1,Ignaz,m
1,İlkim,w
1,Igor,m
1,Illayda,w
1,Ilan,m
1,Ilonka,w
1,Illia,m
1,Ilva,w
1,Ilya,m
1,Imama,w
1,Ilyan,m
1,Imany,w
1,Ineza,m
1,Ingeborg,w
1,Irmuun,m
1,Ioanna,w
1,Isaak,m
1,Iqra,w
1,Ismael,m
1,Ira,w
1,Ismet,m
1,Irma,w
1,Issa,m
1,Isa-Bella,w
1,Issel,m
1,Isolda,w
1,Ivano-Vlado,m
1,Ivy,w
1,Ivo,m
1,Jade,w
1,Iyad,m
1,Jade-Sloan,w
1,Iyas,m
1,Jane,w
1,Jack,m
1,Janina,w
1,Jackson,m
1,Janine,w
1,Jaden,m
1,Jannah,w
1,Jake,m
1,Jasmine,w
1,Jamaine,m
1,Jayden,w
1,Jamie,m
1,Jenna,w
1,Jamil,m
1,Jessica,w
1,Jan-Ilias,m
1,Jeta,w
1,Janek,m
1,Jinan,w
1,Janik,m
1,Jolanda,w
1,Janko,m
1,Joleen,w
1,Jannes,m
1,Jonina,w
1,Jannik,m
1,Josanne,w
1,Jari,m
1,Joumana,w
1,Jarosz,m
1,Judy,w
1,Jascha,m
1,Juleen,w
1,Jayden,m
1,Juli,w
1,Jayden-Lee,m
1,Julietta,w
1,Jayiano,m
1,Juline,w
1,Jean,m
1,Jun-Julie,w
1,Jeffrey,m
1,Junia,w
1,Jegor,m
1,Junyao,w
1,Jemain,m
1,Kaarunya,w
1,Jeremy,m
1,Kalina,w
1,Jesper,m
1,Karina,w
1,Jesse,m
1,Karolina,w
1,Jeyden,m
1,Karoline,w
1,Joey,m
1,Katherine,w
1,John,m
1,Kathi,w
1,Jonatan,m
1,Kaya,w
1,Jonel,m
1,Kayan,w
1,Joost,m
1,Kelcy,w
1,Jorin,m
1,Kendrah-Anna,w
1,Joris,m
1,Ketlin,w
1,Jos,m
1,Kevser,w
1,Josh,m
1,Keyra,w
1,Josua,m
1,Khadija,w
1,José,m
1,Khairiya,w
1,Junus,m
1,Khurram,w
1,Jurik,m
1,Kiana,w
1,Jussi,m
1,Kimberly,w
1,Justin,m
1,Kimya-Claudelle,w
1,Jéhat,m
1,Kira,w
1,Józef,m
1,Konstantinivna,w
1,Jörg,m
1,Kristin,w
1,Jürgen,m
1,Laeticia,w
1,Kabea,m
1,Laira,w
1,Kadir,m
1,Lamia,w
1,Kaio,m
1,Lana,w
1,Kamenov,m
1,Larissa,w
1,Kardo,m
1,Latoya,w
1,Karim,m
1,Laura-Marie,w
1,Karimo,m
1,Lauren,w
1,Karlo,m
1,Lauringh,w
1,Kaspar,m
1,Lavin-Su,w
1,Kayra,m
1,Lea-Marie,w
1,Keano,m
1,Lea-Sophie,w
1,Kelechi,m
1,Lee,w
1,Kelly,m
1,Leila,w
1,Kenan,m
1,Lenia,w
1,Kenaya,m
1,Lenissa,w
1,Kendal,m
1,Lenja,w
1,Keno,m
1,Leonor,w
1,Keoni,m
1,Leonora,w
1,Khalid,m
1,Leonore,w
1,Khang,m
1,Levke,w
1,Kian-Asghar,m
1,Lewi,w
1,Killian,m
1,Leyan,w
1,Kirill,m
1,Leyla,w
1,Klaas,m
1,Leyli,w
1,Konrad,m
1,Lia-Maria,w
1,Koray,m
1,Liana,w
1,Kornelius,m
1,Lieke,w
1,Kostantin,m
1,Lielle,w
1,Kristóf,m
1,Lila,w
1,Lang,m
1,Lilav,w
1,Laurens,m
1,Lile,w
1,Lautaro,m
1,Lili,w
1,Leandre,m
1,Liliane,w
1,Leandro,m
1,Lilien,w
1,Leano,m
1,Lillyana,w
1,Leland,m
1,Lilou,w
1,Len,m
1,Lin,w
1,Lenn,m
1,Linay,w
1,Lennart,m
1,Linea,w
1,Lennet,m
1,Linett,w
1,Lennox,m
1,Linn,w
1,Leondji,m
1,Linnea,w
1,Leonídas,m
1,Lis,w
1,Leopeter,m
1,Lisa-Marie,w
1,Lerian,m
1,Lisbet,w
1,Levend,m
1,Ljutvije,w
1,Lewin,m
1,Lola,w
1,Lewis,m
1,Lorena,w
1,Lino,m
1,Lorena-Genesis,w
1,Linus-Emilian,m
1,Lorentina,w
1,Liviu,m
1,Lotte-Sophia,w
1,Logan,m
1,Luana,w
1,Lord,m
1,Luceleny,w
1,Lorenzo,m
1,Luisa-Sophie,w
1,Loria,m
1,Lusia,w
1,Loránd,m
1,Lydie,w
1,Lou,m
1,Mable,w
1,Louie,m
1,Macaria,w
1,Loukas,m
1,Madeleine,w
1,Loïc,m
1,Madlene,w
1,Lubomir,m
1,Mae,w
1,Lucca,m
1,Maemi,w
1,Lucius,m
1,Magdalene,w
1,Luiz,m
1,Magnolia,w
1,Lunis,m
1,Magreta,w
1,Lyan,m
1,Maila,w
1,László,m
1,Maili,w
1,Lönne,m
1,Mailine-Jil,w
1,Mac,m
1,Mailén,w
1,Machiso,m
1,Maira,w
1,Mads,m
1,Malak,w
1,Magnus,m
1,Malia,w
1,Mahir,m
1,Malin,w
1,Mahmoud,m
1,Malina,w
1,Mahsum,m
1,Malu,w
1,Mahîr,m
1,Malwida,w
1,Mailo,m
1,Malya,w
1,Maksimovič,m
1,Manessa,w
1,Maksymilian,m
1,Manissa,w
1,Malik-Sinan,m
1,Mansour,w
1,MAMA),m
1,Maram,w
1,Manason,m
1,Marcella,w
1,Manu,m
1,Marcelle,w
1,Manuel,m
1,Marcia,w
1,Maratovič,m
1,Marga-Maria,w
1,Marc,m
1,Margarete,w
1,Marco,m
1,Margaretha,w
1,Marin,m
1,Margita,w
1,Marinov,m
1,Margrit,w
1,Mario,m
1,Maribel,w
1,Marko,m
1,Marilena,w
1,Markus,m
1,Marilyn,w
1,Marlo,m
1,Marion,w
1,Marvin,m
1,Marita,w
1,Matand,m
1,Marlen,w
1,Matheo,m
1,Marli,w
1,Mathes,m
1,Martina,w
1,Mathis,m
1,Marwa,w
1,Mathys,m
1,Masa,w
1,Matiar,m
1,Mathea,w
1,Matts,m
1,Mathilde,w
1,Mattys,m
1,Matilde,w
1,Matz,m
1,Mattea,w
1,Maurice,m
1,Mavi,w
1,Maverick,m
1,Maxinne,w
1,Maximillian,m
1,May,w
1,McFly,m
1,Mayra,w
1,Mei,m
1,Mediha,w
1,Meilo,m
1,Medina,w
1,Mert,m
1,Medine,w
1,Mervin,m
1,Melanie,w
1,Micha,m
1,Melek,w
1,Michailo,m
1,Melena,w
1,Miguel,m
1,Melida,w
1,Mihailo,m
1,Melis,w
1,Mijo-Joel,m
1,Melisa,w
1,Mikael,m
1,Meriel,w
1,Miko,m
1,Meta,w
1,Mikołaj,m
1,Mia-Eliza,w
1,Milad,m
1,Mia-Jolie,w
1,Milas-Giuliano,m
1,Mia-Sophie,w
1,Miles,m
1,Mialea,w
1,Mimoun,m
1,Miguel,w
1,Minghao,m
1,Mikal,w
1,Mino,m
1,Milagros,w
1,Miro,m
1,Milia,w
1,Mohamad,m
1,Milina,w
1,Mohammed-Gabriel,m
1,Mine,w
1,Mohammedanwar,m
1,Minh,w
1,Monguba,m
1,Minna,w
1,Moses,m
1,Minnelotte,w
1,Moussa,m
1,Minola,w
1,Muanda,m
1,Minu,w
1,Muhamad,m
1,Miriam,w
1,Muhammedali,m
1,Mirjana,w
1,Muksin,m
1,Mischelle,w
1,Munib,m
1,Mohammedsaeed,w
1,Muzzammil,m
1,Mulungi,w
1,Mylo,m
1,Myeni,w
1,Márk,m
1,Myla,w
1,Nabil,m
1,Mýa,w
1,Nader,m
1,Nada,w
1,Nael,m
1,Nadin,w
1,Nahel,m
1,Nafas,w
1,Nail,m
1,Naina,w
1,Nalu,m
1,Naliyah,w
1,Naphael,m
1,Nana,w
1,Natan,m
1,Nara,w
1,Nathan,m
1,Nariman,w
1,Nathanael,m
1,Narin,w
1,Neba,m
1,Natalija,w
1,Nessvin,m
1,Nathalie,w
1,Ngoc-Hieu,m
1,Naya,w
1,Nguyen,m
1,Nayla,w
1,Nicholas,m
1,Naz,w
1,Niclas,m
1,Nazmija,w
1,Nicola,m
1,Neda,w
1,Nicolai,m
1,Neele,w
1,Nicolaj,m
1,Nejla,w
1,Nicolás,m
1,Neli,w
1,Niilo,m
1,Nelia,w
1,Nikolaevič,m
1,Nesrin,w
1,Nikolas,m
1,Neva,w
1,Nilas,m
1,Nevra-Su,w
1,Nilo,m
1,Newal,w
1,Nima,m
1,Nia,w
1,Nino,m
1,Nicki,w
1,Nitzan,m
1,Nicole,w
1,Noa,m
1,Niematoulaye,w
1,Noah-Joel,m
1,Nikita,w
1,Noe,m
1,Nikolaevna,w
1,Nolan,m
1,Nil,w
1,Nour,m
1,Nilay,w
1,Noé,m
1,Nivien,w
1,Nuhat,m
1,Nmesomachi,w
1,Octavian,m
1,Noemi,w
1,Olanrewaju,m
1,Noemí,w
1,Olavi,m
1,Ofelia,w
1,Olivier,m
1,Oghosa,w
1,Om,m
1,Oliwia,w
1,Omari,m
1,Oluwarantimi,w
1,Omer,m
1,Omaima,w
1,Onyango,m
1,Omouwa,w
1,Onyekachi,m
1,Oreife,w
1,Opeyemi,m
1,Osayuwamen,w
1,Opkeyemi,m
1,Ottilie,w
1,Orgil,m
1,Ouiam,w
1,Osahenhen,m
1,Oya,w
1,Osakioyamen,m
1,Panashe,w
1,Osaruonamen,m
1,Patricia,w
1,Osasenaga,m
1,Paulin,w
1,Osawe,m
1,Petra,w
1,Osayekemwen,m
1,Philine,w
1,Otis,m
1,Phoebe,w
1,Otto,m
1,Phuong,w
1,Oğlu,m
1,Pina,w
1,Panagiotis,m
1,Pipa,w
1,Pascal,m
1,Pravin,w
1,Patrick,m
1,Preciaous,w
1,Patryk,m
1,Prescilla,w
1,Paul-Jonas,m
1,Purity,w
1,Paul-Owen,m
1,Qianmo,w
1,Pavlos,m
1,Quorra,w
1,Pehr,m
1,Rabia,w
1,Pelan,m
1,Radhika,w
1,Peter-Paul,m
1,Rafaela,w
1,Peyton,m
1,Rahime,w
1,Philippe,m
1,Rama,w
1,Phillip,m
1,Rana,w
1,Pierre,m
1,Razan,w
1,Poyraz,m
1,Rebekka,w
1,Prince,m
1,Reem,w
1,Quang,m
1,Regina,w
1,Quintin,m
1,Ren,w
1,Quoc,m
1,Renée,w
1,Rafael,m
1,Resie,w
1,Raik-Hendrik,m
1,Reyhaneh,w
1,Rainer,m
1,Ria,w
1,Ralf,m
1,Rike,w
1,Ramon,m
1,Rin-Alyssa,w
1,Rareş,m
1,Rita,w
1,Rehan,m
1,Rojda,w
1,Rekke,m
1,Romina,w
1,Reyan,m
1,Rosanna,w
1,Riad,m
1,Roseline,w
1,Riley,m
1,Rosemarie,w
1,Rıza,m
1,Rosie,w
1,Rohan,m
1,Roswitha,w
1,Rojvan,m
1,Rosé,w
1,Rojvin,m
1,Ruoyu,w
1,Rolf,m
1,Saadet,w
1,Ron,m
1,Sabah,w
1,Ronaldo,m
1,Sabine,w
1,Rudolf,m
1,Sabrina,w
1,Rune,m
1,Safiya,w
1,Ryan,m
1,Sahana,w
1,Ryota,m
1,Sahra,w
1,Răzvan,m
1,Salia,w
1,Saam,m
1,Sally,w
1,Sahib,m
1,Samantha,w
1,Salam,m
1,Samara,w
1,Salman,m
1,Samina,w
1,Salvador,m
1,Samiya,w
1,Samad,m
1,Sanae,w
1,Saman,m
1,Santulina,w
1,Samir,m
1,Sara-Nur,w
1,Samu,m
1,Sarya,w
1,Samuel-Sami,m
1,Sayran,w
1,Sandiego,m
1,Scarlett,w
1,Santiago,m
1,Sefina,w
1,Sascha,m
1,Seida,w
1,Selam,m
1,Selcan,w
1,Selimhan,m
1,Semilia,w
1,Semih,m
1,Senna,w
1,Sercan,m
1,Seraphina,w
1,Sergen,m
1,Servet,w
1,Serginio,m
1,Sevgi,w
1,Serhat,m
1,Sevildzhanova,w
1,Serkan,m
1,Seyedeh,w
1,Seth,m
1,Shamiso,w
1,Seydo,m
1,Shanice,w
1,Sezgin,m
1,Shantie,w
1,Shahab,m
1,Shayna,w
1,Shamall,m
1,Shila,w
1,Shayan,m
1,Shylo,w
1,Sheheryar,m
1,Sidelya,w
1,Sher,m
1,Sijeva,w
1,Shijirsanaa,m
1,Simay,w
1,Sidar,m
1,Sina,w
1,Sidney,m
1,Singa,w
1,Siegfried,m
1,Sitra,w
1,Sietcheuze,m
1,Siva,w
1,Sigismund,m
1,Solina,w
1,Silas,m
1,Solomon,w
1,Simeon,m
1,Sonja,w
1,Singh,m
1,Sophia-Leila,w
1,Sita,m
1,Soraya,w
1,Skander,m
1,Stefanie,w
1,Sohaib,m
1,Stine,w
1,Sondre,m
1,Su,w
1,Soubayr,m
1,Suela,w
1,Souhail,m
1,Suhail,w
1,Stefan,m
1,Sulaf,w
1,Stephen,m
1,Suliat,w
1,Stiven,m
1,Sultan,w
1,Sufho,m
1,Sumayya,w
1,Suhuyini-Farhan,m
1,Sumeja,w
1,Sujay,m
1,Summer,w
1,Sultan,m
1,Suna,w
1,Sámuel,m
1,Suri,w
1,Süleyman,m
1,Susanne,w
1,Tadeo,m
1,Suzan,w
1,Tadeus,m
1,Svenja,w
1,Tagne,m
1,Svetla,w
1,Taio,m
1,Tabea,w
1,Talha,m
1,Talia,w
1,Tamer,m
1,Talin,w
1,Tamino,m
1,Tamsin,w
1,Tarık,m
1,Tanishka,w
1,Tayler,m
1,Tanita,w
1,Tekin,m
1,Tara,w
1,Tenzin,m
1,Tarek,w
1,The,m
1,Tatiana,w
1,Thilo,m
1,Taylin,w
1,Thore,m
1,Teetje,w
1,Thoren,m
1,Tessa,w
1,Théodore,m
1,Thanh,w
1,Tido,m
1,Thehi,w
1,Timm,m
1,Therese,w
1,Timofej,m
1,Thora,w
1,Timofey,m
1,Thư,w
1,Timon,m
1,Tim,w
1,Tino,m
1,Timea,w
1,Tobi,m
1,Toni,w
1,Tolunay,m
1,Tran,w
1,Toluwalase,m
1,Trinity,w
1,Tomas,m
1,Tuana,w
1,Toran,m
1,Tya,w
1,Tristan,m
1,Urszula,w
1,Tyler,m
1,Ute,w
1,Tyrion,m
1,Uyên,w
1,Usher,m
1,Vander,w
1,Uğur,m
1,Vanessa,w
1,Vadymovič,m
1,Vasiliki,w
1,Valentino,m
1,Verena,w
1,Vedad,m
1,Veronika,w
1,Vedanta,m
1,Vida,w
1,Victor,m
1,Violett,w
1,Viktor,m
1,Vivienne,w
1,Vincenzo,m
1,Viyan,w
1,Vinh,m
1,Vy,w
1,Vitor,m
1,Waldina,w
1,von,m
1,Waltraut,w
1,Wiktor,m
1,Wanda,w
1,Willem,m
1,Wangechi,w
1,Willy,m
1,Weronika,w
1,Winand,m
1,Whitney,w
1,Wladislav,m
1,Wilhelmina,w
1,Wolfgang,m
1,Wilhelmine,w
1,Xavi,m
1,Wilma,w
1,Yaku,m
1,Xana,w
1,Yakup,m
1,Xinying,w
1,Yannis,m
1,Xinyue,w
1,Yi,m
1,Yael,w
1,Yitzhak,m
1,Yakude,w
1,Yixi,m
1,Yana,w
1,Yiğit,m
1,Yang,w
1,Yoann,m
1,Yaprak,w
1,Yosef,m
1,Yassmin,w
1,Youri,m
1,Ye-Eun,w
1,Youssef,m
1,Yomade,w
1,Yuchen,m
1,Yomogi,w
1,Yuma,m
1,Yousra,w
1,Yunus,m
1,Yu,w
1,Yusupov,m
1,Yuhan,w
1,Zaid,m
1,Yuna,w
1,Zakaria,m
1,Yurino,w
1,Zaza,m
1,Yusra,w
1,Zhuma,m
1,Zaineb,w
1,Zion,m
1,Zelda,w
1,Zong,m
1,Zeyimo,w
1,Ömer,m
1,Ziva,w
1,Şükrü,m
1,Zoey,w
1,Šimon,m
1,Zofia,w
1,Ștefan,m
1,Zoha,w
1,Zora,w
1,Zosia,w
1,Zoë,w
1,Églantine,w
1,Élise,w
1,Éva,w
1,Özge,w
1,Đan,w
